Blink_Ratio,Blink_Length
4,0.32264775
16,0.2829277
16,0.2829277
